passengerTraffic,type,stationName,stationShortCode,stationUICCode,countryCode,longitude,latitude
False,STATION,Ahonpää,AHO,1343,FI,25.006783,64.537118
False,STATION,Ahvenus,AHV,1000,FI,22.498185,61.291923
True,STOPPING_POINT,Ainola,AIN,628,FI,25.101895,60.455619
False,STATION,Airaksela,ARL,869,FI,27.4295,62.724396
False,STATION,Aittaluoto,ATL,676,FI,21.84537,61.476933
False,STATION,Ajos,AJO,767,FI,24.541716,65.673679
False,STATION,Alapitkä,APT,415,FI,27.535426,63.200823
True,STATION,Alavus,ALV,284,FI,23.600437,62.617769
False,STATION,Alholma,ALH,308,FI,22.695265,63.706765
False,STATION,Arola,ARO,939,FI,29.022513,64.450787
False,STATION,Asola,ASO,1340,FI,25.047287,60.320974
True,STOPPING_POINT,Aviapolis,AVP,1331,FI,24.956191,60.30435
False,STATION,Buslovskaja,BSL,2140,RU,28.3777,60.840338
True,STATION,Dragsvik,DRA,167,FI,23.488607,59.990199
False,TURNOUT_IN_THE_OPEN_LINE,Dynamiittivaihde,DMV,581,FI,23.084138,59.866408
True,STOPPING_POINT,Eläinpuisto-Zoo,EPZ,623,FI,24.191479,62.540677
True,STATION,Eno,ENO,464,FI,30.141691,62.806375
False,STATION,Ervelä,ERV,1004,FI,23.22228,60.203374
False,STATION,Eskola,ELA,318,FI,24.151369,63.914902
True,STATION,Espoo,EPO,66,FI,24.655992,60.205067
True,STATION,Haapajärvi,HPJ,330,FI,25.33434,63.754515
False,STATION,Haapakoski,HPS,402,FI,27.175449,62.452365
True,STATION,Haapamäki,HPK,200,FI,24.455067,62.246476
True,STATION,Haaparanta pohjoinen,HPA,10726,SE,24.130219,65.828226
True,STATION,Haarajoki,HAA,13,FI,25.13382,60.496261
False,STATION,Hakosilta,HLT,1014,FI,25.513357,60.925032
True,STOPPING_POINT,Haksi,HSI,1015,FI,25.554663,60.408207
False,STATION,Hamina,HMA,527,FI,27.166505,60.55232
False,STATION,Hammaslahti,HSL,451,FI,29.968366,62.430216
False,STATION,Hanala,HNA,1018,FI,25.072363,60.339607
False,STATION,Hangonsaari,HGS,1020,FI,21.360988,60.7992
False,TURNOUT_IN_THE_OPEN_LINE,Hanhikoski,HNH,812,FI,27.219836,66.695831
True,STATION,Hankasalmi,HKS,427,FI,26.478116,62.302807
True,STATION,Hanko asema,HNK,73,FI,22.968291,59.826865
False,STATION,Hanko tavara,HNKT,1317,FI,22.981473,59.828617
True,STATION,Hanko-Pohjoinen,HKP,879,FI,22.988361,59.830141
True,STATION,Harjavalta,HVA,218,FI,22.133261,61.309689
False,STATION,Harju,HJ,985,FI,26.677153,60.940616
False,STATION,Harviala,HRV,622,FI,24.57693,60.95365
False,STATION,Haukipudas,HD,342,FI,25.407075,65.195636
False,STATION,Haukivuori,HAU,549,FI,27.202606,62.025658
False,STATION,Hausjärvi tavara,HAS,340,FI,25.014992,60.785411
False,STATION,Haviseva,HVS,1021,FI,24.087374,61.550664
False,STATION,Havukoski,HVK,1334,FI,25.051833,60.308402
False,STATION,Heikkilä,HEK,1023,FI,24.480906,60.121966
False,STATION,Heinola,HA,113,FI,26.046963,61.20317
False,STATION,Heinoo,HNO,1025,FI,22.971145,61.394254
False,STATION,Heinävaara,HÄV,924,FI,30.190207,62.55575
True,STATION,Heinävesi,HNV,437,FI,28.643419,62.382542
True,STATION,Helsinki asema,HKI,1,FI,24.941444,60.171356
False,STATION,Helsinki Kivihaka,KHK,1028,FI,24.917191,60.209813
False,STATION,Helsinki Louhenpuisto,LOP,1370,FI,24.93398,60.20884
False,STATION,Helsinki Veräjälaakso,VRJ,1371,FI,24.973708,60.231999
True,STATION,Henna,HNN,1164,FI,25.494389,60.799132
True,STOPPING_POINT,Herrala,HR,96,FI,25.475624,60.896944
True,STATION,Hiekkaharju,HKH,556,FI,25.049296,60.303067
False,STATION,Hiirola,HIR,997,FI,27.315826,61.808118
True,STOPPING_POINT,Hikiä,HK,91,FI,24.919201,60.752588
True,STATION,Hillosensalmi,HLS,988,FI,26.789163,61.193088
True,STOPPING_POINT,Hinthaara,HH,561,FI,25.477951,60.399764
False,STATION,Hirvineva,HVN,1041,FI,25.227499,64.733984
True,STATION,Humppila,HP,144,FI,23.362536,60.919507
True,STATION,Huopalahti,HPL,72,FI,24.893523,60.21835
False,STATION,Huutokoski,HKO,430,FI,27.68887,62.210069
False,STATION,Hyrkäs,HYR,1348,FI,26.22007,64.788806
False,STATION,Hyrynsalmi,HYS,392,FI,28.462708,64.683757
True,STATION,Hyvinkää asema,HY,30,FI,24.857481,60.63126
False,STATION,Hyvinkää Paavola,PVL,1368,FI,24.840155,60.650153
False,STATION,Hyvinkää tavara,HYT,1367,FI,24.846961,60.625655
True,STATION,Hämeenlinna,HL,47,FI,24.478851,61.002368
True,STATION,Härmä,HM,300,FI,22.876631,63.234321
True,STOPPING_POINT,Höljäkkä,HÖL,938,FI,29.44413,63.454874
False,STATION,Ii,II,343,FI,25.441902,65.318819
False,TURNOUT_IN_THE_OPEN_LINE,Iisalmen teollisuusraiteet,ITR,1049,FI,27.213924,63.545757
True,STATION,Iisalmi,ILM,420,FI,27.201109,63.560099
False,TURNOUT_IN_THE_OPEN_LINE,Iisalmi (R983),R983,98987,FI,27.190402,63.584516
True,STOPPING_POINT,Iittala,ITA,154,FI,24.140789,61.090616
True,STATION,Ilmala asema,ILA,9,FI,24.920636,60.208134
False,STATION,Ilmala ratapiha,ILR,1030,FI,24.928154,60.21312
False,STOPPING_POINT,Ilola,IOA,1345,FI,23.875154,61.229936
False,STATION,Ilomantsi,ILO,459,FI,30.941562,62.666381
True,STATION,Imatra asema,IMR,603,FI,28.776017,61.195914
False,STATION,Imatra tavara,IMT,502,FI,28.812093,61.208116
False,STATION,Imatrankoski,IMK,504,FI,28.788045,61.170432
False,STATION,Imatrankoski-raja,IMKR,503,FI,28.831782,61.124973
False,STATION,Immola,IM,1352,FI,28.883766,61.246855
False,TURNOUT_IN_THE_OPEN_LINE,Inha,IN,264,FI,24.146053,62.550706
True,STATION,Inkeroinen,IKR,530,FI,26.839178,60.696674
True,STATION,Inkoo,IKO,62,FI,23.93585,60.061511
True,STATION,Isokyrö,IKY,295,FI,22.394797,62.951072
False,STATION,Jalasjärvi,JAL,276,FI,22.954266,62.472534
False,STATION,Jepua,JPA,303,FI,22.655272,63.408383
True,STATION,Joensuu asema,JNS,460,FI,29.777033,62.599536
False,STATION,Joensuu Koppola,KPP,1369,FI,29.79147,62.572314
False,STATION,Joensuu Peltola,PLT,1070,FI,29.771729,62.593453
False,STATION,Joensuu Sulkulahti,SUL,1071,FI,29.775371,62.58571
True,STATION,Jokela,JK,28,FI,24.970682,60.552798
False,TURNOUT_IN_THE_OPEN_LINE,Joroinen,JOR,431,FI,27.808684,62.17479
True,STOPPING_POINT,Jorvas,JRS,578,FI,24.512776,60.137885
True,STATION,Joutseno,JTS,499,FI,28.488252,61.120291
False,STATION,Juankoski,JKI,414,FI,28.318074,63.063182
False,STATION,Jutila,JUT,1085,FI,25.123661,60.837131
True,STOPPING_POINT,Juupajoki,JJ,627,FI,24.365046,61.796788
False,STATION,Juurikorpi,JRI,535,FI,26.938127,60.604162
True,STATION,Jyväskylä,JY,240,FI,25.754984,62.241455
True,STATION,Jämsä,JÄS,204,FI,25.173294,61.865627
False,STATION,Jämsänkoski,JSK,205,FI,25.171247,61.89613
True,STATION,Järvelä,JR,95,FI,25.274659,60.867325
True,STATION,Järvenpää asema,JP,25,FI,25.090796,60.473684
False,STATION,Kaipiainen,KPA,485,FI,27.117721,60.900137
False,STATION,Kaipola,KLA,656,FI,25.214721,61.816678
False,STATION,Kaitjärvi,KJR,944,FI,27.346311,60.910768
True,STATION,Kajaani,KAJ,387,FI,27.738374,64.219716
False,TURNOUT_IN_THE_OPEN_LINE,Kaleton,KTN,697,FI,24.791661,62.239687
False,STATION,Kalkku,KAU,639,FI,23.572333,61.496551
False,TURNOUT_IN_THE_OPEN_LINE,Kalliovarasto,KAO,1090,FI,27.909191,64.281152
False,STATION,Kalvitsa,KSA,548,FI,27.285129,61.910592
False,STATION,Kangas,KGS,1092,FI,24.71276,64.143616
True,STATION,Kannelmäki,KAN,658,FI,24.877004,60.239562
False,STATION,Kannonkoski,KSI,256,FI,25.270005,62.983598
True,STATION,Kannus,KNS,317,FI,23.915361,63.898425
False,STATION,Karhejärvi,KRR,1095,FI,23.390356,61.750017
False,STATION,Karhukangas,KHG,1097,FI,24.43962,64.024376
True,STATION,Karjaa,KR,60,FI,23.66126,60.068724
True,STATION,Karkku,KRU,178,FI,23.049129,61.443314
False,STATION,Karviainen,KAR,1100,FI,22.558744,60.62317
False,STATION,Kaskinen,KSK,267,FI,21.229972,62.381061
False,STATION,Kattilaharju,KTH,1319,FI,26.959698,60.880135
False,STATION,Kauhajoki,KJI,272,FI,22.211614,62.459927
True,STATION,Kauhava,KHA,299,FI,23.0353,63.099643
True,STATION,Kauklahti asema,KLH,65,FI,24.600354,60.189456
False,STATION,Kaulinranta,KLR,790,FI,23.712767,66.466907
True,STATION,Kauniainen,KNI,67,FI,24.730884,60.211939
False,STATION,Kauppilanmäki,KPL,423,FI,27.227847,63.709557
True,STOPPING_POINT,Kausala,KA,477,FI,26.329366,60.885347
False,STATION,Keitelepohja,KTP,257,FI,25.54797,63.192764
False,STATION,Kekomäki,KEK,1101,FI,24.911994,60.750527
False,TURNOUT_IN_THE_OPEN_LINE,Kello,KEO,1372,FI,25.416081,65.126161
True,STATION,Kemi asema,KEM,347,FI,24.574339,65.736749
False,STATION,Kemi Lautiosaari,LI,829,FI,24.565183,65.779047
False,STATION,Kemi Sahansaari,SHS,1363,FI,24.550275,65.757307
True,STATION,Kemijärvi,KJÄ,367,FI,27.403715,66.724273
True,STATION,Kempele,KML,769,FI,25.514546,64.912904
True,STOPPING_POINT,Kera,KEA,621,FI,24.75564,60.216573
False,TURNOUT_IN_THE_OPEN_LINE,Kerava (R660),R660,98997,FI,25.113371,60.41984
True,STATION,Kerava asema,KE,20,FI,25.106028,60.404297
True,STATION,Kerimäki,KIÄ,522,FI,29.114053,61.861412
True,STATION,Kesälahti,KTI,966,FI,29.802865,61.887467
True,STATION,Keuruu,KEU,235,FI,24.707325,62.255309
True,STOPPING_POINT,Kiiala,KIA,1113,FI,25.613204,60.406719
True,STOPPING_POINT,Kilo,KIL,580,FI,24.782393,60.217939
False,STATION,Kilpua,KUA,1115,FI,24.961514,64.346567
False,TURNOUT_IN_THE_OPEN_LINE,Kinahmi,KNH,873,FI,27.951398,63.142738
False,STATION,Kinni,KII,1120,FI,26.846707,61.306328
False,TURNOUT_IN_THE_OPEN_LINE,Kirjola,KIJ,1123,FI,29.520088,61.536416
True,STATION,Kirkkonummi,KKN,63,FI,24.438814,60.119648
False,STATION,Kirkniemi,KRN,79,FI,23.963456,60.175824
True,STATION,Kitee,KIT,453,FI,30.049014,62.142774
False,STATION,Kiukainen,KN,169,FI,22.089236,61.209665
True,STATION,Kiuruvesi,KRV,417,FI,26.611334,63.640907
False,STATION,Kivesjärvi,KVJ,378,FI,27.471464,64.468856
False,STATION,Kivijärvi,KIV,2810,RU,30.074562,64.545544
True,STOPPING_POINT,Kivistö,KTÖ,1330,FI,24.846938,60.314607
True,STOPPING_POINT,Kohtavaara,KOH,848,FI,29.287006,63.514758
False,STATION,Koivu,KVU,362,FI,25.206795,66.16981
True,STOPPING_POINT,Koivuhovi,KVH,675,FI,24.701273,60.207144
True,STOPPING_POINT,Koivukylä,KVY,559,FI,25.059797,60.323284
True,STATION,Kokemäki,KKI,170,FI,22.30335,61.254199
True,STATION,Kokkola,KOK,312,FI,23.131096,63.834429
True,STATION,Kolari,KLI,358,FI,23.836254,67.348706
True,STOPPING_POINT,Kolho,KLO,199,FI,24.507444,62.128049
False,STATION,Kolppi,KPI,309,FI,22.898299,63.62756
False,STATION,Kommila,KMM,500,FI,27.887689,62.325423
False,TURNOUT_IN_THE_OPEN_LINE,Komu,KOM,758,FI,26.153932,63.663536
False,STATION,Kontiolahti,KHI,463,FI,29.857039,62.732254
True,STATION,Kontiomäki,KON,390,FI,28.114694,64.338219
False,TURNOUT_IN_THE_OPEN_LINE,Kontiomäki (R934),R934,99998,FI,28.097346,64.362052
True,STOPPING_POINT,Koria,KRA,478,FI,26.60131,60.847067
False,STATION,Korkeakoski,KAS,193,FI,24.375464,61.807686
True,STOPPING_POINT,Korso,KRS,19,FI,25.078507,60.35129
False,STATION,Korvensuo,KSU,1128,FI,25.218194,60.582687
False,STATION,Koskenkorva,KOS,274,FI,22.462393,62.688028
True,STATION,Kotka asema,KTA,532,FI,26.928611,60.464388
False,STATION,Kotka Hovinsaari,HOS,980,FI,26.919254,60.483022
False,STATION,Kotka Mussalo,MSS,557,FI,26.89751,60.431802
False,STATION,Kotka tavara,KTT,1130,FI,26.919356,60.478803
True,STATION,Kotkan satama,KTS,644,FI,26.934952,60.466492
False,STATION,Kotolahti,KOO,1329,FI,26.898503,60.445244
True,STATION,Kouvola asema,KV,480,FI,26.704588,60.865613
False,STATION,Kouvola lajittelu,KVLA,1132,FI,26.723643,60.865734
False,STATION,Kouvola Oikoraide,OIK,1133,FI,26.764691,60.86715
False,STATION,Kouvola tavara,KVT,1134,FI,26.750447,60.86857
False,STATION,Kovjoki,KOI,745,FI,22.69252,63.521231
False,STATION,Kruunupyy,KPY,311,FI,23.034045,63.7216
False,STATION,Kuivasjärvi,KIS,1137,FI,23.036413,62.174449
False,STATION,Kullasvaara,KUV,1320,FI,26.809881,60.872249
True,STATION,Kuopio asema,KUO,408,FI,27.679581,62.897218
False,STATION,Kuopio Iloharju,ILH,1366,FI,27.644033,62.8913
False,STATION,Kuopio tavara,KUOT,1139,FI,27.697282,62.897796
True,STATION,Kupittaa,KUT,126,FI,22.297114,60.450274
False,STATION,Kurkimäki,KRM,406,FI,27.517621,62.771886
False,STATION,Kuurila,KU,626,FI,23.994903,61.133691
False,STATION,Kuusankoski,KUK,537,FI,26.656252,60.921019
False,STATION,Kuusikkoniemi,KSN,1356,FI,27.919899,64.392909
True,STOPPING_POINT,Kylänlahti,KYN,937,FI,29.75243,63.361403
True,STATION,Kymi,KY,534,FI,26.90714,60.539229
True,STOPPING_POINT,Kyminlinna,KLN,981,FI,26.895812,60.508258
False,STATION,Kyrö,KÖ,139,FI,22.748862,60.702716
False,STATION,Kytömaa,KYT,1111,FI,25.110001,60.425639
False,STATION,Kälviä,KLV,316,FI,23.493255,63.863974
True,STATION,Käpylä,KÄP,977,FI,24.946034,60.22017
False,STATION,Köykkäri,KÖK,1144,FI,22.772334,63.343804
False,STATION,Laajavuori,LAV,1341,FI,24.851146,60.282453
False,STATION,Lahdenperä,LPR,1149,FI,24.944751,61.811782
False,STATION,Lahnaslampi,LHN,871,FI,28.072026,64.120658
True,STATION,Lahti,LH,100,FI,25.657397,60.97647
True,STATION,Laihia,LAI,293,FI,22.003444,62.990138
False,STATION,Lakiala,LAK,212,FI,23.526965,61.625873
False,STATION,Lamminkoski,LMK,1151,FI,23.061226,62.107789
False,STATION,Lamminniemi,LAM,845,FI,27.702541,64.232062
False,STATION,Lapinjärvi,LPJ,108,FI,26.127856,60.599097
True,STATION,Lapinlahti,LNA,416,FI,27.393552,63.360666
True,STATION,Lappeenranta,LR,495,FI,28.195304,61.047973
True,STOPPING_POINT,Lappila,LAA,94,FI,25.17423,60.848954
True,STATION,Lappohja,LPO,75,FI,23.236919,59.904082
True,STATION,Lapua,LPA,298,FI,23.015112,62.971338
False,STATION,Larvakytö,LYÖ,1153,FI,22.935915,62.680182
False,STATION,Laukaa,LAU,249,FI,25.924359,62.422807
False,STATION,Laurila,LLA,360,FI,24.534062,65.796833
False,STATION,Lauritsala,LRS,498,FI,28.259631,61.066415
True,STOPPING_POINT,Leinelä,LNÄ,1333,FI,25.039419,60.322641
False,STATION,Lelkola,LKL,993,FI,26.966496,61.526751
True,STATION,Lempäälä,LPÄ,156,FI,23.755094,61.314233
True,STOPPING_POINT,Lentoasema,LEN,1332,FI,24.968343,60.315732
False,STATION,Leppäkoski,LK,43,FI,24.695884,60.87288
True,STATION,Leppävaara,LPV,68,FI,24.813541,60.21948
False,STATION,Leteensuo,LTS,1154,FI,24.232505,61.065513
True,STATION,Lieksa,LIS,468,FI,30.016394,63.318195
False,TURNOUT_IN_THE_OPEN_LINE,Lieksan teollisuuskylä,LTK,1157,FI,30.064649,63.314174
False,STATION,Lielahti,LLH,183,FI,23.6817,61.510284
True,STATION,Lievestuore,LVT,246,FI,26.195893,62.259872
False,STATION,Liminka,LKA,338,FI,25.423892,64.810176
False,STATION,Liminpuro,LMP,1354,FI,27.250167,64.538637
False,TURNOUT_IN_THE_OPEN_LINE,Lohiluoma,LUO,1159,FI,22.280376,62.533667
False,STATION,Lohja,LO,81,FI,24.116408,60.265369
True,STATION,Loimaa,LM,142,FI,23.060408,60.847378
True,STOPPING_POINT,Louhela,LOH,661,FI,24.853299,60.270798
False,STATION,Loukolampi,LOL,861,FI,27.203502,62.162673
False,STATION,Loviisan satama,LVS,106,FI,26.247612,60.418261
False,STATION,Luikonlahti,LUI,411,FI,28.6752,62.927654
True,STOPPING_POINT,Lusto,LUS,690,FI,29.322269,61.800548
False,STATION,Luumäki,LÄ,487,FI,27.761801,60.944407
False,STATION,Lähessuo,LHS,1364,FI,25.411155,65.400725
False,STATION,Länkipohja,LÄP,203,FI,24.813105,61.740823
False,STATION,Maanselkä,MLK,382,FI,28.499352,63.882203
False,STATION,Maaria,MRI,1166,FI,22.365622,60.538524
False,STATION,Madesjärvi,MD,217,FI,22.987474,62.3116
False,STATION,Majajärvi,MJJ,1168,FI,23.469457,61.682946
False,STATION,Maksniemi,MKN,1365,FI,24.810093,65.681839
True,STATION,Malmi,ML,17,FI,25.011468,60.25166
True,STOPPING_POINT,Malminkartano,MLO,659,FI,24.861283,60.249316
False,STATION,Mankala,MKA,1336,FI,26.182911,60.916315
False,STATION,Markkala,MRK,896,FI,27.190465,62.54004
True,STOPPING_POINT,Martinlaakso,MRL,662,FI,24.852604,60.27808
True,STOPPING_POINT,Masala,MAS,64,FI,24.539106,60.158661
False,STATION,Matkaneva,MTV,1171,FI,23.348859,63.84089
False,STATION,Mattila,MAT,1172,FI,23.758953,61.261133
False,STATION,Melalahti,MLL,1355,FI,27.659328,64.412901
False,TURNOUT_IN_THE_OPEN_LINE,Metsäkansa,MSÄ,558,FI,23.884586,61.234303
True,STATION,Mikkeli,MI,546,FI,27.277969,61.687818
True,STATION,Misi,MIS,366,FI,26.687235,66.617923
True,STOPPING_POINT,Mommila,MLA,93,FI,25.075141,60.821177
True,STATION,Moskova_(Leningradski),MVA,6007,RU,37.655278,55.777111
True,STATION,Muhos,MH,375,FI,25.991997,64.805398
False,STATION,Mukkula,MUK,594,FI,25.657807,61.005746
False,STATION,Murtomäki,MUR,386,FI,27.579581,64.064426
False,TURNOUT_IN_THE_OPEN_LINE,Murtomäki (R562),R562,98995,FI,27.593482,64.072456
False,TURNOUT_IN_THE_OPEN_LINE,Mustio,MSO,78,FI,23.868437,60.140408
False,STATION,Mustolan satama,MST,77,FI,28.312624,61.059167
False,STATION,Muukko,MKO,1180,FI,28.341566,61.088163
False,STATION,Muurame,MUU,433,FI,25.651352,62.110893
True,STATION,Muurola,MUL,363,FI,25.37511,66.370875
False,STATION,Myllykangas,MYS,1183,FI,25.272566,65.535747
True,STOPPING_POINT,Myllykoski,MKI,536,FI,26.78669,60.771013
True,STOPPING_POINT,Myllymäki,MY,263,FI,24.280965,62.524753
False,STATION,Myllyoja,MYL,606,FI,25.989681,61.16369
False,STATION,Mynttilä,MYT,543,FI,26.923895,61.487261
False,STATION,Mynämäki,MYN,123,FI,21.964129,60.650417
True,STATION,Myyrmäki,MYR,660,FI,24.854751,60.261327
True,STOPPING_POINT,Mäkkylä,MÄK,693,FI,24.842976,60.22131
True,STATION,Mäntsälä,MLÄ,27,FI,25.307475,60.647258
False,STATION,Mänttä,MÄN,198,FI,24.646888,62.029018
True,STATION,Mäntyharju,MR,544,FI,26.881746,61.421104
False,STATION,Mäntyluoto,MN,223,FI,21.511964,61.58996
False,TURNOUT_IN_THE_OPEN_LINE,Mäntyluoto erkanemisvaihde,MN_V,98988,FI,21.544086,61.577129
False,STATION,Naantali,NNL,124,FI,22.040037,60.469929
False,STATION,Naarajärvi,NRI,895,FI,27.045557,62.283143
False,STATION,Nakkila,NAL,672,FI,21.969594,61.387035
True,STOPPING_POINT,Nastola,NSL,595,FI,25.935467,60.935567
False,STATION,Niemenpää,NMP,1185,FI,23.92106,66.165558
False,TURNOUT_IN_THE_OPEN_LINE,Niinimaa,NII,285,FI,23.420637,62.642246
False,STATION,Niinimäki,NMÄ,1324,FI,26.384374,60.877915
False,STATION,Niinisalo,NNS,227,FI,22.481919,61.844661
False,STATION,Niirala,NRL,446,FI,30.600268,62.175021
False,STATION,Niirala-raja,NRLR,445,FI,30.632051,62.170426
False,STATION,Niittylahti,NTH,917,FI,29.845911,62.51221
True,STOPPING_POINT,Nikkilä,NLÄ,22,FI,25.26654,60.38237
False,STATION,Niska,NSK,1353,FI,26.533759,64.637367
True,STATION,Nivala,NVL,328,FI,24.960768,63.936389
True,STATION,Nokia,NOA,181,FI,23.49917,61.481059
False,STATION,Nummela,NM,84,FI,24.316922,60.328751
False,STATION,Nuojua,NUA,1361,FI,26.673271,64.563433
True,STATION,Nurmes,NRM,472,FI,29.137234,63.541078
False,TURNOUT_IN_THE_OPEN_LINE,Närpiö,NÄR,268,FI,21.363959,62.468168
False,TURNOUT_IN_THE_OPEN_LINE,Ohenmäki,OHM,1190,FI,27.268163,63.496332
True,STATION,Oitti,OI,92,FI,25.021316,60.789806
False,TURNOUT_IN_THE_OPEN_LINE,Olli,OLLI,570,FI,25.374228,60.382804
False,STATION,Onttola,ONT,443,FI,29.700477,62.635524
False,TURNOUT_IN_THE_OPEN_LINE,Orimattila,OM,109,FI,25.748738,60.814493
True,STATION,Orivesi,OV,190,FI,24.368047,61.650095
True,STOPPING_POINT,Orivesi keskusta,OVK,1316,FI,24.369838,61.673906
False,STATION,Otanmäki,OTM,385,FI,27.092351,64.112027
False,STATION,Otava,OT,545,FI,27.071576,61.640827
True,STATION,Oulainen,OU,322,FI,24.82098,64.269509
True,STATION,Oulu asema,OL,370,FI,25.486121,65.012409
False,STATION,Oulu Nokela,NOK,1195,FI,25.476067,64.988959
False,STATION,Oulu Oritkari,ORI,1196,FI,25.452448,64.98925
False,STATION,Oulu tavara,OLT,1197,FI,25.470291,65.000913
False,STATION,Oulu Tuira,TUA,339,FI,25.474942,65.02871
True,STATION,Oulunkylä,OLK,15,FI,24.967676,60.229
False,STATION,Oulunlahti,OLL,1351,FI,25.504832,64.962428
True,STATION,Paimenportti,PTI,768,FI,26.919372,60.479685
False,STATION,Paimio,PO,128,FI,22.685879,60.459453
False,STATION,Palopuro,PLP,562,FI,24.906231,60.601471
True,STATION,Paltamo,PTO,379,FI,27.82218,64.40061
False,STATION,Pankakoski,PAS,935,FI,30.12173,63.321127
True,STATION,Parikkala,PAR,510,FI,29.502884,61.55855
True,STATION,Parkano,PKO,215,FI,23.078439,62.051967
True,STATION,Parola,PRL,49,FI,24.366497,61.049922
True,STATION,Pasila asema,PSL,10,FI,24.933521,60.198689
True,STATION,Pasila autojuna-asema,PAU,1328,FI,24.933169,60.208303
False,STATION,Pasila tavara,PSLT,1034,FI,24.934411,60.212086
False,STATION,Patokangas,PTG,1346,FI,27.519974,66.724902
False,STATION,Pelkola,PA,1055,FI,28.813728,61.13426
True,STATION,Pello,PEL,356,FI,23.993374,66.78466
False,TURNOUT_IN_THE_OPEN_LINE,Peltosalmi,PMI,882,FI,27.246161,63.520846
False,STATION,Peräseinäjoki,PSJ,687,FI,22.941988,62.549545
False,STATION,Pesiökylä,PSK,393,FI,28.569552,64.926213
False,STATION,Petroskoi / Petrozavodsk,PRK,1000,RU,32.176808,62.11698
True,STATION,Petäjävesi,PVI,237,FI,25.189337,62.256974
True,STATION,Pieksämäki asema,PM,400,FI,27.16753,62.301253
False,STATION,Pieksämäki lajittelu,PMLA,1210,FI,27.175321,62.324528
False,STATION,Pieksämäki tavara,PMT,1211,FI,27.182414,62.335855
False,STATION,Pieksämäki Temu,TMU,1212,FI,27.169853,62.31317
True,STATION,Pietari_(Finljandski),PTR,3820,RU,30.356308,59.957131
True,STATION,Pietari_(Ladozhski),PTL,3181,RU,30.443925,59.931142
False,STATION,Pietarsaari,PTS,306,FI,22.714689,63.674326
True,STATION,Pihlajavesi,PH,261,FI,24.395608,62.346234
False,STATION,Pihtipudas,PP,258,FI,25.556278,63.371806
False,STATION,Piikkiö,PIK,127,FI,22.51586,60.423105
False,STATION,Pikkarala,PKL,819,FI,25.754062,64.912694
False,STATION,Pitkäkallio,PIO,1358,FI,26.792637,60.765446
False,STATION,Pitkämäki,PTK,1350,FI,29.060715,63.570689
True,STOPPING_POINT,Pitäjänmäki,PJM,69,FI,24.859649,60.223412
False,STATION,Pohjankuru,PKU,59,FI,23.551872,60.098215
True,STOPPING_POINT,Pohjois-Haaga,POH,657,FI,24.883319,60.230156
False,STATION,Pohjois-Louko,PLU,1214,FI,22.941522,62.646837
False,STATION,Poikkeus,PKK,1216,FI,23.137954,61.989112
False,TURNOUT_IN_THE_OPEN_LINE,Poiksilta,POI,965,FI,29.741895,61.790643
True,STATION,Pori,PRI,220,FI,21.786607,61.477212
True,STATION,Porvoo,PRV,23,FI,25.648462,60.396602
False,STATION,Puhos,PUS,919,FI,29.976082,62.088594
True,STOPPING_POINT,Puistola,PLA,553,FI,25.036683,60.276313
True,STOPPING_POINT,Pukinmäki,PMK,551,FI,24.993288,60.242216
False,STATION,Pulsa,PL,1217,FI,27.972716,60.927309
True,STATION,Punkaharju,PUN,517,FI,29.382354,61.761151
True,STATION,Purola,PUR,564,FI,25.050225,60.500329
False,STATION,Pyhäkumpu,PYK,757,FI,26.042336,63.662046
False,STATION,Pyhäkumpu erkanemisvaihde,PYE,1218,FI,26.030169,63.677555
True,STATION,Pyhäsalmi,PHÄ,331,FI,25.982615,63.682935
True,STATION,Pännäinen,PNÄ,305,FI,22.790363,63.595382
False,TURNOUT_IN_THE_OPEN_LINE,Pännäinen (R855),R855,98991,FI,22.776992,63.591357
True,STATION,Pääskylahti,PKY,519,FI,28.924534,61.862291
False,STATION,Raahe,RHE,335,FI,24.490632,64.683364
False,STATION,Raippo,RPO,490,FI,28.10607,60.912094
False,STATION,Raisio,RAI,125,FI,22.130194,60.485475
False,STATION,Rajamäki,RM,88,FI,24.761636,60.532706
False,STATION,Rajaperkiö,RJP,1220,FI,23.013344,63.036254
False,STATION,Rantasalmi,RMI,524,FI,28.276594,62.014348
False,STATION,Rasinsuo,RAS,1222,FI,27.892136,60.97619
False,STATION,Ratikylä,RLÄ,596,FI,23.011184,62.245426
False,STATION,Rauha,RAH,501,FI,28.687578,61.178295
False,TURNOUT_IN_THE_OPEN_LINE,Rauhalahti,RHL,1225,FI,25.801006,62.239957
False,STATION,Rauma,RMA,165,FI,21.492431,61.132361
False,STATION,Raunio,RIO,1227,FI,22.955164,63.171521
False,STATION,Rautaruukki,RAT,750,FI,24.443464,64.658708
False,STATION,Rautjärvi,RJÄ,506,FI,29.085136,61.300812
False,TURNOUT_IN_THE_OPEN_LINE,Rautpohja,RPH,1232,FI,25.690392,62.232539
True,STOPPING_POINT,Rekola,RKL,554,FI,25.068666,60.332871
True,STOPPING_POINT,Retretti,REE,793,FI,29.294294,61.803308
False,TURNOUT_IN_THE_OPEN_LINE,Riihimäki (R060),R060,98999,FI,24.792605,60.742903
False,TURNOUT_IN_THE_OPEN_LINE,Riihimäki (R702),R702,98998,FI,24.782769,60.754615
False,STATION,Riihimäki Arolampi,ARP,1235,FI,24.818591,60.697135
True,STATION,Riihimäki asema,RI,40,FI,24.781241,60.736078
False,STATION,Riihimäki lajittelu,RILA,1238,FI,24.792909,60.725385
False,STATION,Riihimäki tavara,RIT,1240,FI,24.802312,60.714716
False,STATION,Riijärvi,RJR,1327,FI,22.66527,63.465864
False,STATION,Riippa,RPA,747,FI,23.637151,63.868454
False,STATION,Ristiina,RST,770,FI,27.264338,61.461611
False,STATION,Ristijärvi,RJV,391,FI,28.185498,64.488179
True,STATION,Rovaniemi,ROI,364,FI,25.705329,66.497675
False,STATION,Ruha,RHA,742,FI,22.978534,62.887473
True,STOPPING_POINT,Runni,RNN,886,FI,26.886487,63.602052
False,STATION,Ruokosuo,RSU,1342,FI,27.740113,63.09744
True,STATION,Ruukki,RKI,337,FI,25.0982,64.660373
False,STATION,Ruusumäki,RSM,1338,FI,24.878314,60.31566
True,STATION,Ryttylä,RY,42,FI,24.758186,60.818048
False,STATION,Röyttä,RÖY,833,FI,24.162896,65.765795
False,STATION,Saakoski,SAA,668,FI,25.410596,61.990369
False,STATION,Saari,SR,964,FI,29.660865,61.695058
False,STATION,Saarijärvi,SRJ,254,FI,25.283095,62.700076
False,STATION,Salminen,SLN,405,FI,27.286121,62.676239
True,STATION,Salo,SLO,55,FI,23.121448,60.384777
False,STATION,Sammalisto,SAM,1246,FI,24.78372,60.763711
True,STOPPING_POINT,Santala,STA,827,FI,23.121052,59.875008
True,STATION,Saunakallio,SAU,806,FI,25.065568,60.487305
False,STATION,Saunamäki,SMÄ,1325,FI,26.519052,60.852337
True,STOPPING_POINT,Savio,SAV,555,FI,25.097803,60.381296
True,STATION,Savonlinna asema,SL,521,FI,28.888266,61.8689
True,STATION,Seinäjoki asema,SK,280,FI,22.844217,62.792016
False,STATION,Seinäjoki Rahkola,RLA,1362,FI,22.9254,62.762843
False,STATION,Seinäjoki tavara,SKT,1252,FI,22.866289,62.784847
False,STATION,Selänpää,SPÄ,539,FI,26.714088,61.007729
False,STATION,Sieppijärvi,SPJ,796,FI,23.867383,67.159514
False,STATION,Sievi,SVI,319,FI,24.278697,63.978137
False,STATION,Siikamäki,SKÄ,429,FI,27.40773,62.289158
False,TURNOUT_IN_THE_OPEN_LINE,Siilinjärvi (R662),R662,98994,FI,27.659874,63.085585
True,STATION,Siilinjärvi asema,SIJ,413,FI,27.666561,63.074953
False,STATION,Simo,SIM,346,FI,25.060752,65.663135
True,STATION,Simpele,SPL,507,FI,29.371696,61.424787
False,STATION,Sipilä,SIP,1254,FI,25.420346,60.711122
False,STATION,Sisättö,STÖ,1257,FI,23.310976,61.838125
True,STATION,Siuntio,STI,576,FI,24.221671,60.140648
False,STATION,Siuro,SIU,179,FI,23.33911,61.47445
True,STOPPING_POINT,Skogby,SGY,817,FI,23.312403,59.926668
False,STATION,Sköldvik,SLD,560,FI,25.481846,60.305964
False,TURNOUT_IN_THE_OPEN_LINE,Soinlahti,SOA,422,FI,27.204458,63.634206
False,TURNOUT_IN_THE_OPEN_LINE,Sorsasalo,SOR,870,FI,27.68315,62.953371
True,STATION,Sukeva,SKV,424,FI,27.422313,63.864618
False,STATION,Suolahti,SUO,251,FI,25.851545,62.561352
True,STATION,Suonenjoki,SNJ,404,FI,27.124495,62.623707
False,STATION,Suoniemi,SNM,638,FI,23.210006,61.465246
False,STATION,Svetogorsk,STG,2190,RU,28.847194,61.11705
False,TURNOUT_IN_THE_OPEN_LINE,Syrjä,SYR,435,FI,28.366542,62.356168
False,STATION,Syrjämäki,SKI,1265,FI,22.912391,62.756156
False,STATION,Sysmäjärvi,SMJ,912,FI,29.060797,62.716898
False,STATION,Säkäniemi,SÄ,918,FI,30.120915,62.317676
False,TURNOUT_IN_THE_OPEN_LINE,Sänkimäki,SKM,872,FI,27.874879,63.15085
False,STATION,Sääksjärvi,SJ,157,FI,23.752219,61.418654
False,STATION,Taavetti,TA,486,FI,27.559584,60.913077
False,STATION,Tahkoluoto,TKO,702,FI,21.417336,61.633918
False,STATION,Taipale,TE,1268,FI,27.311786,63.459474
False,STATION,Talviainen,TV,1270,FI,24.658868,61.724742
False,STATION,Talvivaara,TLV,1323,FI,27.995425,63.979256
True,STOPPING_POINT,Tammisaari,TMS,76,FI,23.443501,59.979553
True,STATION,Tampere asema,TPE,160,FI,23.773454,61.498236
False,STATION,Tampere Järvensivu,JVS,1272,FI,23.785189,61.491461
False,STATION,Tampere tavara,TPET,1273,FI,23.763974,61.469888
False,STATION,Tampere Viinikka,VKA,1274,FI,23.773542,61.480331
True,STOPPING_POINT,Tapanila,TNA,552,FI,25.030033,60.2639
False,STATION,Tapavainola,TAP,1276,FI,28.08938,61.017354
True,STOPPING_POINT,Tavastila,TSL,837,FI,26.954701,60.573333
True,STOPPING_POINT,Tervajoki,TK,294,FI,22.171462,63.000773
True,STATION,Tervola,TRV,361,FI,24.772291,66.081811
True,STOPPING_POINT,Tesoma,TSO,1359,FI,23.630271,61.503363
False,STATION,Teuva,TUV,271,FI,21.742287,62.474956
False,STATION,Tikkala,TKK,916,FI,30.083633,62.364981
False,STATION,Tikkaperä,TKP,1335,FI,25.291811,64.771091
True,STATION,Tikkurila asema,TKL,18,FI,25.044055,60.292166
False,STATION,Tohmajärvi,TOH,448,FI,30.356148,62.243484
True,STATION,Toijala,TL,150,FI,23.860905,61.170611
False,STATION,Toivala,TOI,412,FI,27.723588,62.996029
True,STOPPING_POINT,Tolsa,TOL,830,FI,24.472724,60.118558
False,STATION,Tommola,TOM,1280,FI,25.492176,60.906703
False,STATION,Torkkeli,TRK,1283,FI,24.548925,61.70059
True,STATION,Tornio,TOR,351,FI,24.163576,65.84534
False,TURNOUT_IN_THE_OPEN_LINE,Tornio (R742),R742,98992,FI,24.170265,65.851978
True,STOPPING_POINT,Tornio-Itäinen,TRI,1318,FI,24.18508,65.850823
False,STATION,Tornio-raja,TRR,678,FI,24.150732,65.827853
True,STOPPING_POINT,Tuomarila,TRL,579,FI,24.681767,60.20605
False,STATION,Tuomioja,TJA,336,FI,25.027911,64.608277
False,TURNOUT_IN_THE_OPEN_LINE,Tuomioja (R530),R530,99994,FI,25.020657,64.603665
True,STATION,Turenki,TU,44,FI,24.63865,60.918387
True,STATION,Turku asema,TKU,130,FI,22.260867,60.456488
True,STATION,Turku satama,TUS,135,FI,22.226894,60.434245
False,STATION,Turku tavara,TKUT,1285,FI,22.240471,60.452001
False,STATION,Tuupovaara,TPV,458,FI,30.558938,62.523103
True,STOPPING_POINT,Tuuri,TUU,283,FI,23.722323,62.605349
True,STATION,Tver,TVE,9999,RU,35.8928,56.8352
False,STATION,Törmä,TÖR,1287,FI,24.625744,65.89466
False,STATION,Törölä,TRÄ,1290,FI,27.99051,61.007817
True,STATION,Uimaharju,UIM,465,FI,30.241497,62.912482
False,STATION,Urjala,UR,148,FI,23.626264,61.0635
True,STATION,Utajärvi,UTJ,376,FI,26.413565,64.758926
False,TURNOUT_IN_THE_OPEN_LINE,Utti,UTI,484,FI,26.933289,60.877673
False,STATION,Uusikaupunki,UKP,121,FI,21.425685,60.797364
True,STATION,Uusikylä,UKÄ,105,FI,25.993966,60.927722
False,STATION,Vaajakoski,VKO,245,FI,25.879324,62.247587
True,STATION,Vaala,VAA,377,FI,26.842702,64.558015
False,TURNOUT_IN_THE_OPEN_LINE,Vaarala,VRA,807,FI,25.8801,66.518098
True,STATION,Vaasa,VS,288,FI,21.621824,63.097786
False,STATION,Vahojärvi,VJR,214,FI,23.232163,61.913026
True,STATION,Vainikkala asema,VNA,492,FI,28.303201,60.863835
False,STATION,Vainikkala tavara,VNAT,1292,FI,28.285662,60.86817
False,STATION,Vainikkala-raja,VNAR,493,FI,28.337173,60.855474
True,STOPPING_POINT,Valimo,VMO,847,FI,24.87583,60.222028
False,STATION,Valkeakoski,VI,153,FI,24.017075,61.273922
False,TURNOUT_IN_THE_OPEN_LINE,Valkeasuo,VSO,450,FI,30.163977,62.304843
False,STATION,Valtimo,VLM,475,FI,28.800862,63.686406
True,STATION,Vammala,VMA,176,FI,22.887664,61.349519
False,STATION,Vanattara,VTR,1295,FI,23.759537,61.370713
True,STOPPING_POINT,Vantaankoski,VKS,839,FI,24.847966,60.286119
True,STATION,Varkaus,VAR,432,FI,27.873415,62.312389
False,STATION,Vartius,VUS,941,FI,29.94809,64.540163
False,STATION,Vartius-raja,VUR,949,FI,29.989741,64.545906
False,STATION,Vasikkahaka,VKH,1300,FI,24.524784,60.146114
False,STATION,Vaskiluoto,VSK,291,FI,21.564228,63.089086
True,STOPPING_POINT,Vehkala,VEH,1337,FI,24.843716,60.295054
False,STATION,Venetmäki,VKI,428,FI,26.752862,62.309222
False,STATION,Vesanka,VN,239,FI,25.557151,62.269355
False,TURNOUT_IN_THE_OPEN_LINE,Viekki,VK,471,FI,29.61174,63.421549
False,TURNOUT_IN_THE_OPEN_LINE,Vierumäki,VRM,112,FI,25.932868,61.101895
True,STATION,Vihanti,VTI,334,FI,24.993624,64.48451
True,STATION,Vihtari,VIH,438,FI,29.029282,62.380739
False,STATION,Vihtavuori,VRI,248,FI,25.889739,62.373612
True,STATION,Viiala,VIA,155,FI,23.770683,61.211787
True,STATION,Viinijärvi,VNJ,440,FI,29.237166,62.641687
True,STATION,Viipuri,VYB,2000,RU,28.751409,60.716073
True,STATION,Villähde,VLH,104,FI,25.833724,60.946379
True,STATION,Vilppula,VLP,196,FI,24.506956,62.025888
False,STATION,Vinnilä,VIN,1305,FI,24.110938,61.099944
False,STATION,Virkamies,VMS,1339,FI,24.963318,60.310517
False,STATION,Voltti,VT,302,FI,22.824405,63.286164
False,STATION,Vuohijärvi,VHJ,541,FI,26.796227,61.095852
False,STATION,Vuojoki,VJO,1310,FI,21.709937,61.179379
False,STATION,Vuokatti,VKT,383,FI,28.273914,64.14752
True,STATION,Vuonislahti,VSL,467,FI,29.99331,63.152636
False,STATION,Vuonos,VNS,863,FI,29.080453,62.756358
False,STATION,Vuosaari,VSA,1321,FI,25.167956,60.227507
False,STATION,Värtsilä,VRS,2410,RU,30.652785,62.165755
False,STATION,Ykspihlaja tavara,YKST,315,FI,23.070351,63.840242
False,STATION,Ykspihlaja väliratapiha,YKSV,1326,FI,23.058247,63.850442
True,STOPPING_POINT,Ylistaro,YST,296,FI,22.532729,62.917801
True,STOPPING_POINT,Ylitornio,YTR,789,FI,23.682508,66.324438
False,STATION,Ylivalli,YLV,654,FI,22.958844,62.402105
True,STATION,Ylivieska,YV,320,FI,24.540593,64.071898
False,STATION,Yläkoski,YLK,867,FI,27.085998,62.644012
False,STATION,Ylämylly,YLY,913,FI,29.564534,62.620557
False,STATION,Ylöjärvi,YLÖ,211,FI,23.58604,61.556526
False,STATION,Ypykkävaara,YPY,940,FI,29.474923,64.479932
False,STATION,Äetsä,ÄS,174,FI,22.706473,61.296677
True,STATION,Ähtäri,ÄHT,265,FI,24.064036,62.553265
False,STATION,Äänekoski,ÄKI,252,FI,25.747629,62.596862
